query,title,snippet,link,domain
Procida appartamento affitto breve estate,"Procida, Italia Vacation Rentals",,https://www.airbnb.it/procida-italy/stays,www.airbnb.it
Procida appartamento affitto breve estate,Case in affitto breve da privati a Procida,"3 annunci di appartamenti e case vacanze in affitto da privati a Procida, trova l'immobile più adatto alle tue esigenze. Scopri di più su Casa.it!",https://www.casa.it/affitto/vacanza/procida/con-da-privati/,www.casa.it
Procida appartamento affitto breve estate,Procida - Affitto in Case vacanza in Campania,Procida in affitto in case vacanza in Campania: scopri subito migliaia di annunci di privati e aziende e trova quello che cerchi su Subito.it.,https://www.subito.it/annunci-campania/affitto-vacanze/case-vacanza/?q=procida,www.subito.it
Procida appartamento affitto breve estate,"Le 10 migliori case vacanze di Procida, Italia","Ubicato a Procida, a soltanto 800 metri da Spiaggia di Cala del Pozzo Vecchio, l'alloggio Green Island Apartment mette a disposizione un giardino, una terrazza ...",https://www.booking.com/holiday-homes/city/it/procida.it.html,www.booking.com
Procida appartamento affitto breve estate,"Migliori case vacanza sulla spiaggia a Procida, Campania",,https://www.vrbo.com/it-it/case-vacanze/spiaggia/italia/campania/citt%C3%A0-metropolitana-di-napoli/procida,www.vrbo.com
Procida appartamento affitto breve estate,Case vacanze ad agosto a Procida,"Cerchi affitti per agosto a Procida? Scopri le migliori offerte di case, ville e appartamenti su CaseVacanza.it. Prenota ora il tuo relax!",https://www.casevacanza.it/casa-vacanze-procida/agosto,www.casevacanza.it
Procida casa vacanza estate,Subito.it Case vacanza e appartamenti in affitto Procida,"Offerte case vacanza in affitto a Procida: scopri migliaia di case, appartamenti, camere, agriturismi e B&B su Subito.it.",https://www.subito.it/annunci-campania/affitto-vacanze/case-vacanza/napoli/procida/,www.subito.it
Procida casa vacanza estate,Case e appartamenti vacanze a Procida in affitto,Scopri le migliori case vacanza e appartamenti a Procida: 194 offerte verificate e recensioni reali. Prenota da 54 € e risparmia!,https://www.casevacanza.it/casa-vacanze-procida,www.casevacanza.it
Ischia appartamento affitto breve estate,Subito.it Case vacanza e appartamenti in affitto Ischia,"Isola dIschia, appartamento per brevi vacanze Questo annuncio ha 6 immagini 6. Isola dIschia, appartamento per brevi vacanze. 400 €. Ischia (NA). 90 mq5 Locali1 ...",https://www.subito.it/annunci-campania/affitto-vacanze/case-vacanza/napoli/ischia/,www.subito.it
Ischia appartamento affitto breve estate,"Le 10 migliori case vacanze di Ischia, Italia","Trova le offerte per le migliori case vacanze a Ischia, L'Italia! Vedi le recensioni degli ospiti e prenota la casa vacanze ideale per il tuo viaggio.",https://www.booking.com/holiday-homes/city/it/ischia.it.html,www.booking.com
Ischia appartamento affitto breve estate,"Case in affitto a Isola d'Ischia, Napoli","Affitto appartamento di 85 mq per periodo estivo a settimane o brevi periodi camere, 2 bagni, salone-cucina. Completamente ristrutturato. Prezzo cambia in ...",https://www.idealista.it/affitto-case/napoli/isola-d-ischia/,www.idealista.it
Ischia appartamento affitto breve estate,Case e appartamenti vacanze a Ischia in affitto,"ISCHIA Casa Vacanza LA FAVOLA 5 posti letto · 185 € ; Ischia-Forio, bell'Open space comodo e fresco · 52 € ; ISCHIA, FORIO SPAZIOSO MONOLOCALE CON TERRAZZINO · 51 €.",https://www.casevacanza.it/casa-vacanze-ischia,www.casevacanza.it
Ischia casa vacanza mare,Ischia: case vacanze con accesso alla spiaggia,,https://www.airbnb.it/ischia-italy/stays/beach-access,www.airbnb.it
Ischia casa vacanza mare,Case vacanze e ville con piscina a Ischia,"Il sogno di chiara - rifugio esclusivo dove il mare incontra l'eleganza · 168 € ; Appartamento Ischia · 100 € ; Camera privata con giardino, piscina e terrazza | ...",https://www.casevacanza.it/casa-vacanze-ischia/piscina,www.casevacanza.it
Capri appartamento affitto breve estate,"Capri, Italia Vacation Rentals",,https://www.airbnb.it/capri-italy/stays,www.airbnb.it
Capri appartamento affitto breve estate,Case e appartamenti vacanze a Capri in affitto,Scopri le migliori case vacanza e appartamenti a Capri: 629 offerte verificate e recensioni reali. Prenota da 80 € e risparmia!,https://www.casevacanza.it/casa-vacanze-capri,www.casevacanza.it
Capri appartamento affitto breve estate,Subito.it Case vacanza e appartamenti in affitto Capri,"Offerte case vacanza in affitto a Capri: scopri migliaia di case, appartamenti, camere, agriturismi e B&B su Subito.it.",https://www.subito.it/annunci-campania/affitto-vacanze/case-vacanza/napoli/capri/,www.subito.it
Capri appartamento affitto breve estate,"Case in affitto a Capri, Napoli","Case in affitto a Capri, da 800 euro di privati e agenzie immobiliari. Affitto di case a Capri: annunci da privato a privato e di agenzie immobiliari.",https://www.idealista.it/affitto-case/napoli/capri/,www.idealista.it
Capri appartamento affitto breve estate,I 30 migliori affitti per le vacanze a Capri,"Leggi le recensioni degli hotel per cercare i migliori affitti per le vacanze a Capri, Italia. Su Booking.com trovi più di 51 milioni di giudizi e prezzi ...",https://www.booking.com/reviews/it/city/vacation-rentals/capri.it.html,www.booking.com
Capri villa casa vacanza,"Le migliori ville – Isola di Capri, Italia","Isola di Capri: Le Cantinelle, Casa Leucosia Suites e il Porto Capri Casa Vacanza sono tra le ville più richiesti. ... Casa Laboccetta, Villa Sterlizia e I Limoni ...",https://www.booking.com/villas/region/it/capri.it.html,www.booking.com
Capri villa casa vacanza,Capri: soggiorni in ville vacanze,,https://www.airbnb.it/capri-italy/stays/villas,www.airbnb.it
Capri villa casa vacanza,"Migliori ville a Capri, Campania",,https://www.vrbo.com/it-it/case-vacanze/ville/italia/campania/citt%C3%A0-metropolitana-di-napoli/capri,www.vrbo.com
Capri villa casa vacanza,Ville a Capri in affitto per vacanze di lusso,"Ville a Capri da 100 € su CaseVacanza.it. Lusso, eleganza e privacy per un soggiorno esclusivo e rilassante!",https://www.casevacanza.it/ville-capri,www.casevacanza.it
Capri villa casa vacanza,LE MIGLIORI 10 ville a Capri 2026 (con prezzi),,https://www.tripadvisor.it/Hotels-g187783-c3-zff22-Capri_Island_of_Capri_Province_of_Naples_Campania-Hotels.html,www.tripadvisor.it
Bacoli appartamento affitto breve,Subito.it Case vacanza e appartamenti in affitto Bacoli,"Offerte case vacanza in affitto a Bacoli: scopri migliaia di case, appartamenti, camere, agriturismi e B&B su Subito.it.",https://www.subito.it/annunci-campania/affitto-vacanze/case-vacanza/napoli/bacoli/,www.subito.it
Bacoli appartamento affitto breve,Case e appartamenti vacanze a Bacoli in affitto,Scopri le migliori case vacanza e appartamenti a Bacoli: 379 offerte verificate e recensioni reali. Prenota da 58 € e risparmia!,https://www.casevacanza.it/casa-vacanze-bacoli,www.casevacanza.it
Bacoli appartamento affitto breve,"Case in affitto a Bacoli, Napoli","24 case in affitto a Bacoli, Napoli ; Trilocale in Via Collesano, 1, Bacoli. 650 · 3 locali 80 m2 Piano terra senza ascensore 05 mag ; Bilocale in Via Marco ...",https://www.idealista.it/affitto-case/bacoli-napoli/,www.idealista.it
Bacoli appartamento affitto breve,"Bacoli case vacanze e case in affitto a Bacoli, Napoli",,https://www.vrbo.com/it-it/case-vacanze/italia/campania/citt%C3%A0-metropolitana-di-napoli/bacoli,www.vrbo.com
Bacoli casa vacanza mare,"Le 10 migliori case vacanze di Bacoli, Italia",Le migliori case vacanze a Bacoli · Casa Lebirann · Home Sweet Home · Casa Palumbo · LA VILLA AURELIA · AeG CasinaVanvitelliana · Casa Fraeli · Le Querce · TIVA' ...,https://www.booking.com/holiday-homes/city/it/bacoli.it.html,www.booking.com
Bacoli casa vacanza mare,"Bacoli, Italia Vacation Rentals",,https://www.airbnb.it/bacoli-italy/stays,www.airbnb.it
Monte di Procida casa vacanza,"Monte di Procida, Italia Vacation Rentals",,https://www.airbnb.it/monte-di-procida-italy/stays,www.airbnb.it
Monte di Procida casa vacanza,"Le 10 migliori case vacanze di Monte di Procida, Italia","Casa Lebirann ... Dotato di vista sulla città, Casa Lebirann è un alloggio posizionato a Bacoli, a 600 metri da Spiaggia del Poggio e 18 km da Stadio San Paolo.",https://www.booking.com/holiday-homes/city/it/monte-di-procida.it.html,www.booking.com
Monte di Procida casa vacanza,Case e appartamenti vacanze a Monte di Procida in affitto,"Una casa vacanza a Monte di Procida può costare anche solo 53 € a notte, a seconda di quando prenoti. Scegli tra 99 proposte e trova l'alloggio ideale. Quali ...",https://www.casevacanza.it/casa-vacanze-monte-di-procida,www.casevacanza.it
Monte di Procida casa vacanza,Monte di Procida: case vacanza,,https://www.vrbo.com/it-it/case-vacanze/italia/campania/citt%C3%A0-metropolitana-di-napoli/monte-di-procida,www.vrbo.com
Monte di Procida appartamento affitto breve,"Monte di Procida, Italia: alloggi arredati per affitti mensili","Alloggi da affittare, completamente arredati, che includono una cucina e il wifi, per soggiornare e vivere comodamente per almeno un mese (Monte di Procida, ...",https://www.airbnb.it/monte-di-procida-italy/stays/monthly,www.airbnb.it
